{
    "restartPoint": {},
    "restartBot": {},
    "userAgent": {},
    "keyCommand": "",
    "namecreator": "Ais",
    "autoAdd": false,
    "autoJoin": true,
    "autoReject": false,
    "autoLeave": true,
    "autoRead": false,
    "server": {},
    "changePicture": false,
    "changeGroupPicture": false,
    "autoJoinTicket": true,
    "Img": {},
    "Images": {},
    "Addimage": false,
    "SCAdmin": {},
    "SCGfoto": {},
    "SCSDadmin": false,
    "SCSDstaff": false,
    "SCSadmin": false,
    "SCSstaff": false,
    "SCStaff": {},
    "SCautojoin": true,
    "SCautoread": false,
    "SCautoscan": false,
    "SCblacklist": {},
    "SCdblacklist": false,
    "SCfoto": {},
    "SCgreet": {},
    "SClimit": 1,
    "SCmessage": "hay,,",
    "SCmessage1": "Creator http://line.me/ti/p/~1417ais",
    "SCprotcancel": {},
    "SCprotinvite": {},
    "SCprotkick": {},
    "SCprotqr": {},
    "SCreadMember": {},
    "SCreadPoint": {},
    "SCwblacklist": false
}
