{
    "Mentiongift": false,
    "Mentionkick": false,
    "Respontag": "dasar kebotan luh...",
    "autoBlock": false,
    "Talkblacklist": {},
    "Talkdblacklist": false,
    "Talkwblacklist": false,
    "addadmin": false,
    "addbots": false,
    "addstaff": false,
    "admin": {},
    "autoAdd": true,
    "autoJoin": true,
    "autoJoinTicket": false,
    "autoLeave": false,
    "autoLeave1": false,
    "blacklist": {},
    "bots": {},
    "comment": "like by merana",
    "contact": false,
    "dblacklist": false,
    "delladmin": true,
    "dellbots": false,
    "dellstaff": false,
    "detectMention": true,
    "leave": "semoga diterima disisi nya , dadah ??",
    "limit": 1,
    "mention": "orang cakep emang hobby nya nyimak.. , ",
    "message": "mksh dh add",
    "owner": {},
    "selfbot": true,
    "staff": {},
    "sticker": false,
    "talkban": false,
    "unsend": true,
    "wblacklist": false,
    "welcome": "Selamat datang Jangan lupa cek tikungan yak hhhhh!!!",
    "welcomeOn": true
}
